n_particles,w,c1,c2,penalty_method,rho,C,alpha,best_position,objective_value,inequality_0,inequality_1,violated
19,1.1796910002727694,1.7984250789732434,2.2229163764267956,ADAPTIVE,NA,0.7296244459829336,1.333708611139022,"[1.3499675087693985, 0.4711898706662332]",-0.36961652157415936,0.11390898413933004,-13.178842620564367,True
19,1.1796910002727694,1.7984250789732434,2.2229163764267956,ADAPTIVE,NA,0.7296244459829336,1.333708611139022,"[2.8912951518658767, 0.0]",-0.0013018378800621299,0.75,-12.108704848134124,True
43,0.4564115790271003,1.8609993861334124,2.4692763545078753,STATIC,107.70978182604185,NA,NA,"[1.6000486178823223, 0.4671092382845514]",-0.3663682370573954,0.002602508882739163,-12.932842143833126,True
10,0.4230624250414158,1.7623873301291946,2.1999304858576276,ADAPTIVE,NA,0.9868777594207296,1.2327713404303042,"[1.607633665560631, 0.46567617973470454]",-0.3656478043220533,0.0013632962088256928,-12.926690154704664,True
41,0.7824619912671629,1.9916154429033943,2.23338144662399,STATIC,8613.410026689575,NA,NA,"[1.5963584836049893, 0.47392386909315115]",-0.3614411040039577,-0.006552389009752191,-12.92971764730186,False
57,0.9632882178455393,1.692708251269958,2.007983126110107,STATIC,2385.848873659276,NA,NA,"[0.0, 0.857082422151577]",-0.2694027808469511,0.75,-14.142917577848422,True
52,0.5733646535077721,1.6955303037866205,2.0911180438940313,ADAPTIVE,NA,0.7125779372456225,1.207941662868189,"[1.4292690252426865, 0.20722476911339993]",-0.6027515220597294,0.4538200562431501,-13.363506205643914,True
12,1.2422847745949985,1.724877066684883,2.1975751180009073,ADAPTIVE,NA,0.8636359979282104,1.3265407688058355,"[2.885629355769077, 0.0]",-0.0014238343470640595,0.75,-12.114370644230924,True
36,1.3611720243493493,1.9222669243390758,2.3736600550686906,ADAPTIVE,NA,0.7933755828319242,1.965255307264138,"[1.5805165744785854, 0.014977887970746284]",-0.6322444069243419,0.726327199811552,-13.40450553755067,True
24,0.6962735057040824,1.5826334695315012,2.007818203370597,ADAPTIVE,NA,0.6974407590877849,1.2934881747180382,"[1.6896994860765213, 0.3841351197736609]",-0.40275681915224487,0.10092708553450225,-12.926165394149818,True
20,1.11134195274865,1.895087770265603,2.302979987390506,STATIC,9270.378697282156,NA,NA,"[3.4530754479045984, 0.0]",-0.00255474854359979,0.75,-11.546924552095401,True
32,0.49541011649041133,1.6854091260991333,2.334420626331804,ADAPTIVE,NA,0.7956488938538636,1.2747217929900643,"[1.5813991625409418, 0.46966955616782635]",-0.36852386355151984,0.007264957205223577,-12.948931281291232,True
29,1.3717120953891038,1.9244569121330422,2.3608647605824364,ADAPTIVE,NA,0.628034161380662,1.0404335895384313,"[0.0, 0.0]",nan,0.75,-15.0,True
16,0.8393365018657701,1.600859601167698,2.44788179783676,ADAPTIVE,NA,0.7816377859881919,1.6955160864261276,"[1.5877968446675026, 0.4722952247878093]",-0.36483420470283456,9.113233038759994e-05,-12.939907930544688,True
40,0.9398410913016731,1.6015306123673847,2.4714267852789904,STATIC,6028.768118236508,NA,NA,"[1.9201660565770613, 0.0]",-0.4058936429402334,0.75,-13.079833943422939,True
25,0.5054942598302706,1.7282672852414551,2.109220218608417,ADAPTIVE,NA,0.9416401294594343,1.324345021005274,"[1.601174628467908, 0.4662576096735526]",-0.3668131219583516,0.003440145060614519,-12.93256776185854,True
28,1.306828441545754,1.6360661246923176,2.3238450602706813,STATIC,105.1517322536266,NA,NA,"[1.6968093678502083, 0.46142919264801185]",-0.33980793072376714,-0.032957376684705,-12.84176143950178,False
37,0.8848299713589833,1.8462180164451352,2.1347061668992606,STATIC,2516.842670252965,NA,NA,"[1.6310291966777632, 0.8547537346924693]",-0.08991334841951162,-0.6441282972527762,-12.514217068629767,False
30,0.4648922471089816,1.6269577069671723,2.1234380314193007,ADAPTIVE,NA,0.8561352949622211,1.1480869299534,"[1.7021410647336066, 0.25258525988415825]",-0.487071618231616,0.32006425680476414,-13.045273675382235,True
23,1.376614955832653,1.7055185066591156,2.0165253664502742,ADAPTIVE,NA,0.817175672350682,1.680705451554767,"[1.2242183994380584, 0.43010085817472454]",-0.3695530119822739,0.22346261580840332,-13.345680742387216,True
32,0.952893089071328,1.796348361939697,2.0404266631663575,ADAPTIVE,NA,0.621079969138713,1.803139756379896,"[2.656102097146139, 0.07909779143610454]",-0.01682824444044331,0.5399081902869348,-12.264800111417756,True
54,0.4250708815879991,1.6453547594531284,2.0,ADAPTIVE,NA,0.5370691230521633,1.0593559915702984,"[1.5932108880368734, 0.2579263108182117]",-0.5342320207042501,0.3390689932932423,-13.148862801144915,True
59,1.3932885328880857,1.7790288864972066,2.0,ADAPTIVE,NA,1.0,1.0,"[0.0, 0.0]",nan,0.75,-15.0,True
60,0.5660811149756722,1.5,2.0,ADAPTIVE,NA,0.7240853661999871,1.0,"[1.4710968715217188, 0.4044146857351067]",-0.4420207377633384,0.15506682101764546,-13.124488442743175,True
59,0.4,1.7684481866009323,2.0,ADAPTIVE,NA,0.5973925010673935,1.0,"[1.5395943105357246, 0.3761226666864037]",-0.458396104490815,0.17092368230608812,-13.084283022777871,True
51,0.4309751484083092,1.6602809326147363,2.0,ADAPTIVE,NA,0.7085869184942359,1.2843173185014791,"[1.64983341021125, 0.3122810660506192]",-0.47360354043288705,0.23478826385330231,-13.037885523738131,True
54,0.4146248478456473,1.6872455422723096,2.0,ADAPTIVE,NA,0.9046668464059364,1.4496104367075489,"[1.5847185174627851, 0.3944534886992598]",-0.4321950611990706,0.12490225218048556,-13.020827993837955,True
55,0.4216741208738549,1.6718067192197072,2.228497585289644,ADAPTIVE,NA,0.5472182031419407,1.1314417781051795,"[1.3321197402523832, 0.06293281950921048]",-0.6620419274786716,0.6661659488220404,-13.604947440238407,True
58,0.41213280041422895,1.693424512838879,2.0,ADAPTIVE,NA,0.5881886241697617,1.149618204331302,"[1.4898109891377924, 0.4389357606217688]",-0.40938222697495175,0.09606868030013338,-13.071253250240439,True
10,0.4,1.9989734347802806,2.3285820570458777,ADAPTIVE,NA,0.5,1.0,"[1.2989975966651568, 0.39050094769257915]",-0.4343824272094702,0.24274020745187364,-13.310501455642264,True
60,0.4,1.5731307436819437,2.3830030880576363,STATIC,8098.132618003252,NA,NA,"[1.6006967022584213, 0.4685230748783072]",-0.3649992669921862,3.665911031824898e-05,-12.930780222863271,True
60,0.4,1.6994535802390418,2.474255356000497,STATIC,4412.045465963085,NA,NA,"[1.6009840072418906, 0.46842362966098466]",-0.365012387741528,6.126029856545756e-05,-12.930592363097125,True
60,0.4,1.5763176700073744,2.0,ADAPTIVE,NA,0.5,1.0,"[1.4608692109420118, 0.2616748818453185]",-0.5629110214111939,0.3677272218352854,-13.27745590721267,True
10,0.4,1.5,2.5,ADAPTIVE,NA,0.5,1.0,"[1.559664398011876, 0.4387854832092372]",-0.3999786664636152,0.06564190347411492,-13.001550118778887,True
59,0.4121377280414229,1.7585635475128454,2.218983128864918,ADAPTIVE,NA,0.5514608543899583,1.92896709048873,"[1.1697655103506488, 0.11629509417524941]",-0.5890312309655952,0.6139620098108126,-13.713939395474101,True
60,0.4,1.9068662952212123,2.4800647058511984,ADAPTIVE,NA,0.5,1.9666252419377577,"[1.4814286796847742, 0.22691645163286145]",-0.5846953088597464,0.41383946065877614,-13.291654868682365,True
60,0.9377568497402696,1.9202527045716304,2.3647225910478835,ADAPTIVE,NA,0.5064872743011155,1.9746739004382534,"[1.1351667918065234, 0.05425160734886081]",-0.5895347567882606,0.6884153769354465,-13.810581600844616,True
10,0.4020184679734913,1.7771704775802957,2.214574332152395,STATIC,970.0896617547033,NA,NA,"[1.606007877245618, 0.4668733341267225]",-0.36505438060446926,0.00019774771655822754,-12.92711878862766,True
60,0.4,2.0,2.5,ADAPTIVE,NA,0.5,2.0,"[1.6865745956185807, 0.0685514703337764]",-0.5707798159179133,0.634382831642752,-13.244873934047643,True
60,0.4,2.0,2.5,ADAPTIVE,NA,0.5,1.0,"[1.3622074556498553, 0.08983086697268217]",-0.6583743520595473,0.627631723262322,-13.547961677377462,True
58,1.3771743139511807,1.607686891497769,2.15086954401139,ADAPTIVE,NA,0.5265812240638382,1.114695087609153,"[1.4157448943675022, 0.3758289326876363]",-0.46818682600178463,0.21792210739189133,-13.208426172944861,True
60,0.4,1.5,2.0,ADAPTIVE,NA,0.5,2.0,"[1.6373254704161189, 0.19142010624167316]",-0.5546177430962095,0.43658298450074906,-13.171254423342209,True
59,1.3846104459616206,1.6838112200386628,2.2695913814315465,STATIC,8612.237747588504,NA,NA,"[3.2224390375632606, 1.4631635157942136]",-0.25177643209366396,-3.9649552316335823,-10.314397446642527,False
11,0.40941435405692683,1.8297104427484858,2.4152812379024575,STATIC,9666.804158141664,NA,NA,"[1.599055745241932, 0.4690093404216237]",-0.3649909655843264,2.791962667358927e-05,-12.931934914336445,True
43,0.4037863877978677,1.6623325160624456,2.183521929997769,ADAPTIVE,NA,0.5116849275173748,1.2247949749217981,"[1.5117164429130567, 0.42434430142205504]",-0.4204950422187702,0.10851174208382497,-13.063939255664888,True
56,0.4,1.5,2.0736247849502503,ADAPTIVE,NA,0.5,2.0,"[1.2622135425268088, 0.2628328183304862]",-0.5365763420298432,0.41824885728277184,-13.474953639142704,True
56,0.4,1.7614849897389744,2.0,ADAPTIVE,NA,0.5,2.0,"[1.7534331706555837, 0.29521553737004]",-0.431947857504683,0.23235928428245878,-12.951351291974376,True
60,0.4,1.5,2.5,ADAPTIVE,NA,0.5,2.0,"[1.1982913782558036, 0.18697360143590247]",-0.565444260134224,0.5259511454379211,-13.614735020308293,True
59,1.3803168185986987,1.830082446435581,2.443652022585348,ADAPTIVE,NA,0.513307805656298,1.5648962858148665,"[1.3184171152806157, 0.27305691902366314]",-0.5445361186328205,0.38999708451340936,-13.408525965695722,True
60,0.4,1.5,2.5,ADAPTIVE,NA,0.5,1.0,"[1.5065086951122342, 0.0794131221282024]",-0.6482259108900067,0.6303634410078534,-13.414078182759564,True
60,1.4,1.5,2.5,ADAPTIVE,NA,0.5,2.0,"[1.1442139391410866, 0.09532465691012071]",-0.5832481972642528,0.6409281988195982,-13.760461403948792,True
11,1.3112540826507812,1.9908301751204553,2.4202197610284286,STATIC,3631.0441023561493,NA,NA,"[0.0, 2.424017421107097]",-0.05453687320061534,0.75,-12.575982578892903,True
59,1.3866177501917316,1.5172644976339251,2.0077205336146973,ADAPTIVE,NA,0.5110889894187205,1.1133650467827638,"[1.2760442132157956, 0.1693821646470417]",-0.6062451200427809,0.5338608689801774,-13.554573622137163,True
10,1.365042009743963,1.5810911588679482,2.027345901842545,STATIC,7975.396150381983,NA,NA,"[0.0, 0.0]",nan,0.75,-15.0,True
60,0.4,1.7715075726675928,2.5,ADAPTIVE,NA,0.5,2.0,"[1.5976796458207323, 0.46094014650060877]",-0.37223243832557223,0.013565309994350905,-12.941380207678659,True
59,1.3464183477932523,1.946819032657179,2.098695674204134,STATIC,9977.424176539651,NA,NA,"[0.0, 1.1499652636776807]",-0.4267830585307828,0.75,-13.85003473632232,True
11,1.3157951157978527,1.7745575384133196,2.017237213498354,ADAPTIVE,NA,0.5005543040768071,1.331473947661107,"[1.658532804204934, 0.35915549151278925]",-0.4351412232204472,0.1543288355156922,-12.982311704282276,True
60,1.4,1.5,2.0,ADAPTIVE,NA,0.5,2.0,"[1.13468545580101, 0.2772855511755701]",-0.46433548819334325,0.435368117977314,-13.58802899302342,True
59,0.42928703389450096,1.892095994119329,2.250751032204766,STATIC,8834.30821008021,NA,NA,"[1.6004683255770276, 0.468593921492248]",-0.36499572084702264,3.0271093728773124e-05,-12.930937752930724,True
60,0.9344958392515224,1.5,2.5,ADAPTIVE,NA,0.5,1.0,"[1.3328913123307995, 0.33737277335490923]",-0.4923656710702359,0.30031876137829366,-13.329735914314291,True
60,0.9138118677506842,2.0,2.5,ADAPTIVE,NA,0.5,1.0,"[0.0, 0.20021515347738317]",-0.005525278465584474,0.75,-14.799784846522616,True
60,0.4,1.5,2.0,ADAPTIVE,NA,0.5,2.0,"[1.581541077512738, 0.326398457442052]",-0.48845944845451944,0.23378743191860152,-13.09206046504521,True
60,0.4148657303651775,1.7233430446306082,2.2066318613091536,ADAPTIVE,NA,0.9656307383887986,1.9669956040834045,"[1.6036248866439449, 0.467585585970794]",-0.3650603672805034,0.00016811770124292025,-12.92878952738526,True
60,0.4,2.0,2.0,ADAPTIVE,NA,0.5,1.0,"[1.666119070829382, 0.2928148026237348]",-0.47983192319668794,0.262135673127454,-13.041066126546884,True
60,0.8785791464850099,1.5,2.5,ADAPTIVE,NA,0.5,2.0,"[1.5025491171760974, 0.25444606458881136]",-0.5621929916113643,0.36768229028314925,-13.243004818235091,True
60,0.9024684145182588,1.5,2.5,ADAPTIVE,NA,0.5,2.0,"[1.354445903651198, 0.07656069316383518]",-0.6615067129682288,0.6463026827635472,-13.568993403184967,True
60,0.909782699078717,1.5,2.5,ADAPTIVE,NA,0.5,2.0,"[1.5404113148784326, 0.21624742381809225]",-0.5783486704263751,0.4168900215372988,-13.243341261303476,True
60,0.9059659278448794,1.5,2.5,ADAPTIVE,NA,0.5,2.0,"[1.4165330037752744, 0.41490134774720855]",-0.4320472388251373,0.16227854760523697,-13.168565648477518,True
60,0.908218399299794,1.5,2.5,ADAPTIVE,NA,0.5,2.0,"[0.23832347230948292, 1.4363547745816685]",-0.41952803412893136,0.40768294265339217,-13.325321753108849,True
60,0.8681498565283512,1.5,2.5,ADAPTIVE,NA,0.5,2.0,"[1.6105882169910857, 0.26566150759146034]",-0.5223908764375438,0.32212870616510614,-13.123750275417454,True
60,0.8825531659045088,1.5,2.5,ADAPTIVE,NA,0.5,2.0,"[1.4160335068198626, 0.17165457117520155]",-0.6243001789133695,0.5069313756171197,-13.412311922004935,True
60,0.8930741039155321,1.5,2.5,ADAPTIVE,NA,0.5,2.0,"[1.4974043493522282, 0.11660096059789793]",-0.6389401837730597,0.5754012144620598,-13.385994690049873,True
60,0.8896989913587141,1.5,2.5,ADAPTIVE,NA,0.5,2.0,"[1.31552462198263, 0.11700582493881617]",-0.6419927091578863,0.5960759563775981,-13.567469553078555,True
60,0.9102951028928636,1.5,2.5,ADAPTIVE,NA,0.5,2.0,"[1.3675780382172043, 0.2901632868459858]",-0.5391782641856152,0.3531790614125108,-13.34225867493681,True
60,0.9235656819018739,1.5,2.5,ADAPTIVE,NA,0.5,2.0,"[1.2869220713042273, 0.39228305597063473]",-0.4290345961119845,0.24516227707271865,-13.320794872725138,True
60,0.8624018999894407,1.5,2.5,ADAPTIVE,NA,0.5,2.0,"[1.30125788200129, 0.23430223323615107]",-0.5704267890912036,0.44511237223095385,-13.464439884762559,True
60,0.8595811051726527,1.5,2.5,ADAPTIVE,NA,0.5,2.0,"[1.2788379826294094, 0.15970834846148696]",-0.6125084343048592,0.5457588978444372,-13.561453668909104,True
60,0.8743677769274013,1.5,2.5,ADAPTIVE,NA,0.5,2.0,"[1.545802734014381, 0.09785814279453908]",-0.6312965264688369,0.5987306153226318,-13.35633912319108,True
60,0.9016483029963126,1.5,2.5,ADAPTIVE,NA,0.5,2.0,"[0.10411134901879393, 1.4039979451104212]",-0.4650965514643856,0.6038278799149395,-13.491890705870786,True
60,0.7791454369508086,1.5,2.5,ADAPTIVE,NA,0.5,2.0,"[1.5085603982270313, 0.025406668409214683]",-0.6567268119295527,0.711672506186973,-13.466032933363755,True
60,0.7493906104047772,1.5,2.5,ADAPTIVE,NA,0.5,2.0,"[1.5366955486758205, 0.23548413907805377]",-0.5672311185737958,0.38813257169499693,-13.227820312246125,True
18,1.295812955106907,1.5074709506870878,2.474950529786025,ADAPTIVE,NA,0.5178153711383734,1.3462356155785706,"[1.1924527605473323, 0.3716471210525507]",-0.4108168353964544,0.3068283645514173,-13.435900118400117,True
60,0.7137626821471101,1.5,2.5,ADAPTIVE,NA,0.5,2.0,"[1.4050083958232862, 0.06714114173457797]",-0.6657623670463856,0.6556661321577567,-13.527850462442135,True
60,1.0342381658480262,1.981203021623346,2.0440622911066026,ADAPTIVE,NA,0.5097816295518682,1.8753618479424687,"[1.4966809014719773, 0.2733946731940673]",-0.5494683482442786,0.34081541406626675,-13.229924425333955,True
11,0.8204169301525837,1.7514823483231776,2.1600177750932628,ADAPTIVE,NA,0.5136476560064385,1.976543812081958,"[1.578295630712853, 0.4751071508898478]",-0.36447300025072776,0.0001404596301209926,-12.946597218397299,True
60,0.8445047808429513,1.5,2.0,ADAPTIVE,NA,0.5,2.0,"[1.578763494450105, 0.2849370130670281]",-0.5205026299793731,0.30015184555212343,-13.136299492482866,True
60,0.8437886446541634,1.5,2.0,ADAPTIVE,NA,0.5,2.0,"[1.386964258711102, 0.21216487024021236]",-0.5993670046267398,0.45573490802274674,-13.400870871048685,True
60,0.8478128264938365,1.5,2.0,ADAPTIVE,NA,0.5,2.0,"[1.6825370606413315, 0.18636088619168212]",-0.5335465128609896,0.4364409023285335,-13.131102053166986,True
60,0.8453677072693676,1.5,2.0,ADAPTIVE,NA,0.5,2.0,"[1.8499708733038522, 0.10707386712379585]",-0.44873326909492234,0.5519164645289707,-13.042955259572352,True
60,0.7796251586667597,1.5,2.5,ADAPTIVE,NA,0.5,2.0,"[1.3476513293760128, 0.36602324420248245]",-0.4691015808385176,0.25672828836800354,-13.286325426421504,True
60,1.3834203485338241,1.5246323348221678,2.385889641046652,ADAPTIVE,NA,0.5699638294463174,1.0307691412950564,"[1.484747758488264, 0.17797749436873622]",-0.6136017627634545,0.48574831417466124,-13.337274747142999,True
60,0.8961650289037101,1.5,2.5,ADAPTIVE,NA,0.5,2.0,"[1.5960648941670563, 0.058550359365246996]",-0.6206258851381531,0.656549826876264,-13.345384746467698,True
60,0.8937728544639059,1.5,2.5,ADAPTIVE,NA,0.5,2.0,"[1.22100949699522, 0.25004105929858134]",-0.5306735064322097,0.4446974919576872,-13.528949443706198,True
60,0.8874354696750816,1.5,2.5,ADAPTIVE,NA,0.5,2.0,"[1.1995189669944828, 0.23781410975695527]",-0.5304043241888122,0.46473746472762445,-13.562666923248562,True
60,0.8841000586674841,1.5,2.5,ADAPTIVE,NA,0.5,2.0,"[1.0898496456443363, 0.1733911551026479]",-0.5119242528968696,0.5610297110535171,-13.736759199253015,True
60,0.8975457255950969,1.5,2.5,ADAPTIVE,NA,0.5,2.0,"[1.7027963622597804, 0.3783763994195547]",-0.4011853563652981,0.1057020435034286,-12.918827238320665,True
60,1.4,1.5,2.5,ADAPTIVE,NA,0.5,2.0,"[1.4300359714767652, 0.0008832922307910884]",-0.6720247687344312,0.7487368603366428,-13.569080736292443,True
60,0.481398964468957,1.5754136969018646,2.3686961121179957,STATIC,6641.070471767786,NA,NA,"[1.6020118936828176, 0.4679849639279697]",-0.3651286425954222,0.0002825217226681831,-12.930003142389213,True
11,0.4247664633961985,1.5378534118301332,2.0652091457119854,STATIC,4888.4557900769705,NA,NA,"[1.5992479983412622, 0.4689373121929478]",-0.365005081367866,5.294212789663799e-05,-12.93181468946579,True
50,1.37619424443678,1.9921468689176909,2.415905965508768,ADAPTIVE,NA,0.5114917652020156,1.5122076813079561,"[1.748680841127127, 0.17462626880489607]",-0.4987388826203763,0.4446343893833625,-13.076692890067976,True
59,1.3318531143254324,1.977410556293067,2.1076626640730303,ADAPTIVE,NA,0.5017691925170534,1.1329392847312518,"[0.0, 0.0]",nan,0.75,-15.0,True
59,1.2550974293148105,1.5800342086881674,2.416256257495755,ADAPTIVE,NA,0.9969871378619548,1.9994973086256551,"[1.2338292154434771, 0.42748381244193]",-0.37604970583683917,0.22255798307998698,-13.338686972114592,True
59,1.3954703208957682,1.539093716895476,2.4184564662273127,STATIC,5209.91328237281,NA,NA,"[0.0, 0.0]",nan,0.75,-15.0,True
59,1.3744555781925527,1.5518077494581757,2.0137514150141187,ADAPTIVE,NA,0.5003581875134238,1.187388245178236,"[1.7149608143066297, 0.20666475843407972]",-0.5049447874848294,0.3955780375874077,-13.078374427259291,True
12,1.3256780240111667,1.5364689561001035,2.4401137622790063,ADAPTIVE,NA,0.5056775813702864,1.8602756750722542,"[0.2196782098595107, 1.247949403247518]",-0.4080184481943622,0.4758527090993406,-13.532372386892972,True
13,0.4138550916406135,1.5438695307224894,2.183045140951162,STATIC,497.3157377235231,NA,NA,"[0.4747372366758939, 1.5790258379668016]",-0.2740540320616348,0.00037763704380278096,-12.946236925357304,True
60,0.42506559004526834,1.9780319588237232,2.2263401944434205,ADAPTIVE,NA,0.9173659477852862,1.9519890018553292,"[1.6002532377376308, 0.4685438354927019]",-0.36509204188932165,0.00021121023079595513,-12.931202926769668,True
12,0.4048336057991089,1.5137470012668879,2.3375363609422517,ADAPTIVE,NA,0.9959422483247784,1.448499552650861,"[1.5846870996837876, 0.4711715396466972]",-0.3665015223454677,0.0033405393837305786,-12.944141360669516,True
12,0.40518463561204177,1.9982517728709763,2.3655752754417882,ADAPTIVE,NA,0.5706078592231698,1.9695649116594303,"[1.3645024900051672, 0.35814772728922195]",-0.47922523905671105,0.26130653432416506,-13.277349782705612,True
14,0.49495893338369723,1.5074076366110885,2.139106172512095,ADAPTIVE,NA,0.5180812653621811,1.8079516484533729,"[1.2015676825654964, 0.34995987569274134]",-0.4354019002974135,0.3294995231729636,-13.448472441741762,True
59,1.3376764906639549,1.9541738505356443,2.4754672567094973,ADAPTIVE,NA,0.6568913531173102,1.8225565616765869,"[1.5373615711432376, 0.02988485475901026]",-0.6476077612247404,0.7040561727343005,-13.432753574097752,True
13,0.414103421991859,1.9737339518366692,2.429527070233766,STATIC,8872.899626563618,NA,NA,"[1.61251565202476, 0.4650895342681918]",-0.36484491722241574,3.584639963472025e-05,-12.922394813707047,True
59,1.3333607758912187,1.947218281857599,2.05797738623853,ADAPTIVE,NA,0.5068870795468214,1.6775013064173865,"[1.2515220524127912, 0.018751559738291457]",-0.648691518534593,0.7265320094703924,-13.729726387848917,True
58,0.42039424502095835,1.9945530929432636,2.1468863016675788,ADAPTIVE,NA,0.5060905032853638,1.835894148681814,"[1.4464203829665552, 0.45692262006687784]",-0.3939158950032108,0.08909780889678476,-13.096656996966567,True
11,0.453117561612021,1.967879043951247,2.4429847417974324,ADAPTIVE,NA,0.9795470511481115,1.9263764276291617,"[1.6038909851260292, 0.46684482492868784]",-0.3656233524033217,0.0012317938441381848,-12.929264189945282,True
10,0.41007479337024966,1.9442602161727187,2.497216251800302,ADAPTIVE,NA,0.5097685524631815,1.1480284848834075,"[1.6318355964626554, 0.45321914935354635]",-0.369216719144582,0.01042085908635837,-12.914945254183799,True
59,0.4985182802395516,1.5267875443849594,2.0141082658045626,STATIC,2855.6465370696023,NA,NA,"[1.6007566286725727, 0.46854284463696255]",-0.36496743360106715,-2.3064369721215172e-05,-12.930700526690465,False
59,0.4232572818301005,1.9798643362403794,2.22645672064627,STATIC,5537.182529822684,NA,NA,"[1.6010442239201237, 0.4684148456265625]",-0.3650048245040241,4.7117011155672905e-05,-12.930540930453313,True
59,0.4772765916981937,1.5322118421492232,2.4042326546625956,ADAPTIVE,NA,0.7228952885030906,1.8642909619790915,"[1.4857195680114454, 0.2518695304201135]",-0.5669176444190366,0.37579251006898334,-13.26241090156844,True
60,0.5473291020898328,1.5038970190670553,2.496778630731789,ADAPTIVE,NA,0.7295546965415634,1.7220533053168272,"[1.5750190018524057, 0.47387123934195263]",-0.36622497267105797,0.003643793605075274,-12.951109758805641,True
59,1.350525646204621,1.960539195080957,2.4108030541291963,ADAPTIVE,NA,0.5043027287526186,1.4118972323675956,"[1.4003599389859767, 0.34978845996018637]",-0.4908250032051934,0.2601702535521547,-13.249851601053837,True
59,0.4125668319566873,1.5213986959614016,2.270972602492945,ADAPTIVE,NA,0.9957310002992499,1.8710014347269095,"[1.5597051884980795, 0.389736163054174]",-0.4424501348836124,0.14212648433907127,-13.050558648447746,True
11,1.3923424404102398,1.991152343596764,2.0043002061082387,ADAPTIVE,NA,0.5178640670657848,1.8954437446871282,"[1.7806391601386473, 0.2264446494654726]",-0.4539014816250809,0.34678378955791045,-12.99291619039588,True
59,0.4053628589808398,1.923014062448814,2.2323625230148636,STATIC,4710.6609232124,NA,NA,"[1.6009960594067894, 0.4684229394288231]",-0.3650099630649594,5.6719838709029524e-05,-12.930581001164388,True
58,1.363243985488599,1.5099428204343561,2.4314346552358903,ADAPTIVE,NA,0.7651546921525924,1.8709685963318674,"[1.4933592662915485, 0.21888897895232073]",-0.5878612064698362,0.4231201149924561,-13.287751754756131,True
59,1.2110981497113469,1.994010561715033,2.467735125179262,ADAPTIVE,NA,0.515132846124284,1.9466759511165783,"[1.129596441036872, 0.05124990975912458]",-0.5868499216257346,0.692108284332632,-13.819153649204004,True
60,0.4,1.5,2.5,ADAPTIVE,NA,0.5,2.0,"[1.553088702813017, 0.07055770145955265]",-0.6357812733526019,0.6404176309667152,-13.37635359572743,True
56,0.4298422885700375,1.9793255956729436,2.4638226657366546,ADAPTIVE,NA,0.5199789018813555,1.013665462050256,"[1.4585492540479639, 0.3194821989718455]",-0.5173686606348642,0.2840194770080116,-13.221968546980191,True
10,0.40941052942145695,1.5219464962220883,2.047138500161269,ADAPTIVE,NA,0.5093973384975028,1.3300349456888796,"[1.6119954046120424, 0.4568138793954012]",-0.3719856731878217,0.013618125651613577,-12.931190715992557,True
60,1.344371570669475,1.5380594126382643,2.045356767430885,ADAPTIVE,NA,0.5064061605136482,1.0249145405178377,"[0.0, 1.1331235805805155]",-0.41997442041379246,0.75,-13.866876419419484,True
58,0.5091945358576508,1.5269886407514277,2.487580358894459,ADAPTIVE,NA,0.5061519497624288,1.191391019948831,"[1.1971261943365819, 0.18103147256043117]",-0.5686284551907528,0.5332824821985837,-13.621842333102986,True
25,0.4469928766438025,1.5192986722120772,2.4758287671582333,ADAPTIVE,NA,0.51997322614347,1.9312888737559368,"[1.736072834077775, 0.33803390214679974]",-0.4135552670228013,0.1631485254856362,-12.925893263775425,True
48,1.3415116797904147,1.5256776027251968,2.4808413582662423,ADAPTIVE,NA,0.5148689324483158,1.0524013206292575,"[1.9240757604369922, 0.0]",-0.40275361435772605,0.75,-13.075924239563008,True
38,0.43269058321559495,1.5548046043457158,2.463464952089279,STATIC,637.6231805188537,NA,NA,"[1.6007604504984094, 0.4682656153315867]",-0.36520314052664826,0.0004189226488943154,-12.930973934170003,True
41,0.5260188497569555,1.9683257898463264,2.4558440349705584,ADAPTIVE,NA,0.5523581446775785,1.957999999567095,"[1.4712214127687184, 0.18939570061201172]",-0.6094685399144721,0.4713569897732749,-13.33938288661927,True
60,0.42997212139901964,1.6931618669695365,2.4291365147429107,STATIC,9006.624387720474,NA,NA,"[1.600747166128903, 0.46851301281342367]",-0.3649952622240073,2.912244439767786e-05,-12.930739821057674,True
60,0.4168104809273572,1.6191861292222747,2.4411663998506126,ADAPTIVE,NA,0.7382437204199717,1.9565093003889193,"[1.5269628278802871, 0.12518956997141673]",-0.6279532215671327,0.5588401802153284,-13.347847602148295,True
59,0.4098120965399682,1.991234553785976,2.0756925625593476,ADAPTIVE,NA,0.9845271511996052,1.0724862961875845,"[1.6329041180751422, 0.4247992613303949]",-0.39240840005575073,0.056343536818319606,-12.942296620594462,True
10,1.3895493639454717,1.8831145044976227,2.4017257300977013,ADAPTIVE,NA,0.9939148568188589,1.0612983124190036,"[0.0, 0.0]",nan,0.75,-15.0,True
59,1.3930950806750033,1.7427026016554417,2.0201735892313377,STATIC,9646.378168148314,NA,NA,"[3.0430539842758564, 1.5016217824455147]",-0.2617498577857455,-3.8195161479462367,-10.45532423327863,False
59,0.46007968753947237,1.875510136378853,2.1905606155018558,STATIC,7203.796290784213,NA,NA,"[1.6009095025988798, 0.4684604690601147]",-0.3649995685348348,3.7183489733916275e-05,-12.930630028341005,True
60,0.42488694931095294,1.5611444162829502,2.373436714953599,ADAPTIVE,NA,0.9872388939391323,1.1271410545996656,"[1.5278690146864273, 0.41369580359886265]",-0.42775394131408284,0.11792700017549596,-13.05843518171471,True
58,1.3897759060086563,1.7250782793815205,2.490338662540111,ADAPTIVE,NA,0.5069455573315854,1.0034698549439895,"[0.0, 0.0]",nan,0.75,-15.0,True
16,0.40143456843836545,1.5823341602508858,2.4862211437761315,STATIC,9974.19728221277,NA,NA,"[1.6034791681866645, 0.4677164649124945]",-0.3649859809193188,2.639189490605265e-05,-12.928804366900842,True
16,0.436082740613867,1.514400959413592,2.0220919507391693,STATIC,8004.775231759335,NA,NA,"[1.5972440206331149, 0.46954528540600476]",-0.36497643339532626,2.1600468789517713e-05,-12.93321069396088,True
59,1.378594085556685,1.7190117483751017,2.4977748670781055,ADAPTIVE,NA,0.78721683309338,1.9431549641304955,"[1.3940948609537906, 0.1907546933488824]",-0.6132392472700076,0.4840698622995068,-13.415150445697327,True
14,0.4369109846437572,1.50620630407835,2.4711985725365904,ADAPTIVE,NA,0.5014472148521477,1.9011558015996908,"[1.2554896033956708, 0.17074983787365938]",-0.5987906313036467,0.5356253537681243,-13.573760558730669,True
60,0.7258032960482859,1.9881975315205147,2.0032429700179466,ADAPTIVE,NA,0.5699379488994005,1.977468227653516,"[1.685112455871612, 0.4640519308975567]",-0.3422050928853984,-0.0319796889267453,-12.850835613230831,False
60,1.39747710213413,1.9530110633147186,2.4746473817352457,STATIC,1869.9759623617247,NA,NA,"[0.0, 0.0]",nan,0.75,-15.0,True
58,1.3954288347875088,1.545711209172099,2.031736691130041,ADAPTIVE,NA,0.9937636250196578,1.9457648836653294,"[1.5548173250759678, 0.2912706013261146]",-0.5231097563064718,0.29712742277286186,-13.153912073597917,True
55,1.2542822948658352,1.5097489593624083,2.482857923711452,ADAPTIVE,NA,0.9952060154090765,1.9383479491827944,"[0.0, 0.0]",nan,0.75,-15.0,True
60,1.377843600825442,1.8481766572809741,2.01015356067345,ADAPTIVE,NA,0.5234003210773469,1.906337738522424,"[1.8181436267927087, 0.21353384001304043]",-0.43476355367092095,0.36176480967571667,-12.96832253319425,True
59,0.4252278335447307,1.9946801903379696,2.4944900027621064,ADAPTIVE,NA,0.5613574113370818,1.1486760736611425,"[1.499960884120396, 0.20493000476613177]",-0.5952159591467007,0.44261300886819605,-13.295109111113472,True
59,0.4649716256712485,1.94199425543729,2.484668148290017,STATIC,6770.673264708225,NA,NA,"[1.6009430183568825, 0.46844914505110374]",-0.3650008572426225,3.9611775184966724e-05,-12.930607836592014,True
55,0.4279859424819136,1.9896863415020096,2.495844333717012,ADAPTIVE,NA,0.5182180578396772,1.8790640114520372,"[1.6024656859360764, 0.4458450444780848]",-0.38387082413069035,0.035548614979225346,-12.951689269585838,True
12,0.44280756016048783,1.5362063032198003,2.483985618073868,STATIC,1121.6916303741,NA,NA,"[1.6222972828633095, 0.46213742257138335]",-0.3646049285012986,0.0002757150529917318,-12.915565294565308,True
10,1.3744459777690587,1.6583179975717572,2.4579514048128033,STATIC,1873.1280294520739,NA,NA,"[0.0, 0.0]",nan,0.75,-15.0,True
49,0.4045462653382441,1.5208942007989408,2.472682614117878,ADAPTIVE,NA,0.5004855017702372,1.9353874028863642,"[1.0558666771149394, 0.08301809817545802]",-0.5303129471075821,0.6623439565390773,-13.861115224709602,True
58,0.507394935332787,1.5353330404060619,2.449949529227537,ADAPTIVE,NA,0.5019394409558158,1.0831971819932504,"[1.6015552429488267, 0.16789403968452077]",-0.5824939538988789,0.4811084204833974,-13.230550717366652,True
59,0.4192350664446146,1.523408081681226,2.4781776956487196,ADAPTIVE,NA,0.985193971976365,1.0614452707115973,"[1.6771835867216878, 0.2609736564263154]",-0.4951689771747386,0.31229926687503884,-13.061842756851997,True
59,0.4090564359898543,1.9378748619151276,2.458144551120824,ADAPTIVE,NA,0.569901458443317,1.985871579235705,"[1.5583342162389642, 0.26521149412523437]",-0.5409316172923722,0.33671185416478827,-13.176454289635801,True
54,1.3912459408841018,1.507495248698536,2.4975958423822977,ADAPTIVE,NA,0.5452744007062473,1.044956369738913,"[1.5112960320617008, 0.11017521567232458]",-0.6377862064884057,0.5834926337228737,-13.378528752265975,True
10,0.40940657367219424,1.522160485397963,2.153461732276046,ADAPTIVE,NA,0.5380662586757973,1.902642212306592,"[1.6046444781023168, 0.4666891189834116]",-0.3655627850455704,0.0011298822328335012,-12.92866640291427,True
59,1.3356611624251267,1.5318080282161946,2.0079528138150615,ADAPTIVE,NA,0.5212282042675417,1.9372388378785037,"[0.0, 0.0]",nan,0.75,-15.0,True
58,0.5459125973558431,1.5162278771681625,2.0052567486279096,ADAPTIVE,NA,0.5070540183057589,1.0293433537802645,"[1.5429057803188018, 0.387834547699768]",-0.44768149354713216,0.1516078345466999,-13.069259671981431,True
13,0.42539224389268515,1.9770670555417533,2.477456096709631,ADAPTIVE,NA,0.5089253727734973,1.75686231962757,"[1.5898209884501635, 0.4710881390870824]",-0.36541129418806606,0.0010541890694265588,-12.939090872462755,True
58,0.493400636830595,1.9773604808558094,2.3316677783514814,ADAPTIVE,NA,0.5059357472299671,1.3333998594287257,"[1.3808911767379983, 0.19961741021801482]",-0.6071237030668716,0.47435007950665375,-13.419491413043987,True
15,1.3202573007664795,1.5009623121717768,2.4886643509567454,ADAPTIVE,NA,0.5064696005083041,1.613741337733785,"[1.9279444483419172, 0.2894398074358828]",-0.3217372834538863,0.19197613012483616,-12.7826157442222,True
13,0.41158005564552136,1.9852543163173288,2.0711752489799746,STATIC,9414.253065515259,NA,NA,"[1.601327673246642, 0.46860581764697423]",-0.3647708991193049,-0.0003914636424694473,-12.930066509106384,False
59,1.35502597295409,1.9739849686366577,2.4811413483146714,ADAPTIVE,NA,0.9766006826975756,1.4430473497204788,"[1.5001112726755383, 0.5394729084780969]",-0.3176326494838451,-0.059269391311052244,-12.960415818846364,False
58,1.351842776846596,1.924879167466318,2.433689015459093,ADAPTIVE,NA,0.5144376126082436,1.6199439075636324,"[1.5694144968493762, 0.2407401967256828]",-0.5539124101029583,0.3721788452843427,-13.18984530642494,True
58,0.4250421272882139,1.9842236201578203,2.492609624736067,STATIC,8394.792953384964,NA,NA,"[1.603427794945786, 0.46768841036852116]",-0.36502295066920937,9.540344110225973e-05,-12.928883794685692,True
10,0.4882693505233915,1.9995287176578602,2.4433239912458253,STATIC,405.17446284104534,NA,NA,"[1.605675717658691, 0.46678834314464723]",-0.3652125907364904,0.0004892921265071681,-12.927535939196662,True
60,0.40494569357029175,1.5019720021394989,2.4950925250572964,ADAPTIVE,NA,0.6733990863755162,1.0416339830166939,"[1.5560225631239333, 0.2936610705353482]",-0.5209889622376895,0.29305674833586937,-13.150316366340718,True
57,0.44104660330586654,1.8456688657240121,2.0113241525485934,STATIC,297.0384518301606,NA,NA,"[1.6005592507046318, 0.4680243261922886]",-0.3654593795241407,0.0008993351581303433,-12.93141642310308,True
58,0.7330370630562858,1.9090365488890346,2.4624039117875474,ADAPTIVE,NA,0.5285347240289606,1.0921548646643837,"[1.3657682819698769, 0.32933493081006904]",-0.5053609480769368,0.3002047973548637,-13.304896787220054,True
60,1.0059668494900258,1.9936265957348427,2.479005294141649,ADAPTIVE,NA,0.5043803910530742,1.3367640060355164,"[1.5925835025923023, 0.5970113110287556]",-0.25916357866439754,-0.20079036480539803,-12.810405186378942,False
55,0.42457893583252404,1.9692323642750003,2.4955089641822523,ADAPTIVE,NA,0.5549171586313006,1.168960165549075,"[1.4974689710686795, 0.19837229547671087]",-0.599626362969615,0.4529436428039577,-13.30415873345461,True
12,0.43101716460665884,1.5909741786742433,2.089227808673186,ADAPTIVE,NA,0.9861227854480834,1.7571074866382723,"[1.6021540862940564, 0.46780637296692845]",-0.36524509309138353,0.0005021079566341902,-12.930039540739015,True
10,0.460992338967554,1.9838055538488042,2.0551194142188427,STATIC,9462.622579408357,NA,NA,"[1.5955519537340732, 0.47003989520499234]",-0.3649621081391398,2.6926872715438144e-05,-12.934408151060934,True
59,0.4063759899463055,1.527326152164539,2.1348929944802615,STATIC,7535.190137383015,NA,NA,"[1.600877942229775, 0.4684975122975872]",-0.3649758353317802,-7.3334267300939615e-06,-12.930624545472638,False
34,0.40489905710356555,1.6296919219674362,2.4055051562540117,ADAPTIVE,NA,0.5089024119805019,1.9510183029820873,"[1.132250895186383, 0.0792842887109646]",-0.5815279058606403,0.6602302931327947,-13.788464816102653,True
58,0.43329447819331135,1.9358674523970227,2.392817573268593,ADAPTIVE,NA,0.9668272845436299,1.3893270345496513,"[1.5955751938388882, 0.46461675168303734]",-0.3696040829067928,0.008669036372543126,-12.939808054478075,True
32,0.4265606098587005,1.9622087228483664,2.4933745111908303,ADAPTIVE,NA,0.5106130911053928,1.9157240797929305,"[1.3708649779234106, 0.07756105273327818]",-0.6625522601074749,0.6436742691570781,-13.55157396934331,True
59,1.3737287174338195,1.5845119388590394,2.4086207245826183,ADAPTIVE,NA,0.5059708831620328,1.2988321181221643,"[1.6249123110718011, 0.17544469389359496]",-0.5684156173246011,0.4649177569800739,-13.199642995034605,True
23,0.4405908618696188,1.9802909401456317,2.4906449055630064,ADAPTIVE,NA,0.5373852950614766,1.5546026708187264,"[1.4642257370692746, 0.22395965337929424]",-0.5890158392294446,0.42207251145692365,-13.311814609551432,True
11,0.45325552689510085,1.5047088357442324,2.4495108503014236,STATIC,178.82691973916525,NA,NA,"[1.5998823627077554, 0.46785370928402603]",-0.3657737421080166,0.0014891021890851563,-12.932263928008219,True
43,0.40528150385035366,1.9801662720669557,2.0246173872907276,ADAPTIVE,NA,0.5043971354426428,1.9515872010591075,"[1.6130334154521808, 0.30398893675046224]",-0.4945603854808824,0.25965568709372494,-13.082977647797357,True
42,1.3377871936611887,1.9746416033247467,2.4899179081498843,ADAPTIVE,NA,0.5054164110627354,1.9696335300844674,"[1.614805574427175, 0.4411590382459596]",-0.384395221770073,0.037613925831493145,-12.944035387326865,True
40,0.4258866478809753,1.5859729629369335,2.4982162403561525,ADAPTIVE,NA,0.5414330266050945,1.3399526066402916,"[1.6903699047180254, 0.28386149734677457]",-0.47384724045969595,0.27016906777681665,-13.0257685979352,True
57,0.4080252299807703,1.5301510947144115,2.4775618576090177,ADAPTIVE,NA,0.8909689095935068,1.1012540150553356,"[1.5772061053098752, 0.30720275673587594]",-0.5045412247023118,0.2654779365081521,-13.11559113795425,True
44,0.48963996801561627,1.9907268362178239,2.0117834193967963,ADAPTIVE,NA,0.5066685800094284,1.969532839961421,"[1.521041554800372, 0.06599417057365775]",-0.647286775166542,0.6496201241828826,-13.41296427462597,True
42,0.6248024703859039,1.9679646120707424,2.0006087252924303,ADAPTIVE,NA,0.5040335872985765,1.938183640589161,"[1.5931928906320971, 0.4815573023708603]",-0.3556387771627394,-0.017213670569225736,-12.925249806997043,False
13,0.4649521930237527,1.953525131957897,2.482972968884221,ADAPTIVE,NA,0.9726891945406151,1.8689792949404371,"[1.605289697846156, 0.4671739240538795]",-0.36498425658252565,5.0512613944841966e-05,-12.927536378099965,True
55,0.417701197135836,1.8260937356569271,2.1027328309986024,ADAPTIVE,NA,0.5039487780980682,1.9239682456054945,"[1.643549196936368, 0.015345620472764221]",-0.6016893322157705,0.7247787177954981,-13.341105182590868,True
59,0.4548805118235353,1.5028561176658457,2.3931139648494852,ADAPTIVE,NA,0.5254016623229849,1.9155838222583255,"[1.1255401382055452, 0.3061572860286621]",-0.4342597378290649,0.405407685970665,-13.568302575765793,True
60,0.42145772247288193,1.6340393997625025,2.4763944794593384,ADAPTIVE,NA,0.5580232787915262,1.8204109434528501,"[1.6240594272168132, 0.4415145735787773]",-0.3813482556773848,0.03295409452577536,-12.934425999204409,True
60,1.3407947810778613,1.7769548646334234,2.3733034128429584,ADAPTIVE,NA,0.951704891442563,1.6640879731959957,"[0.0, 0.22468432712535957]",-0.007754652225311773,0.75,-14.77531567287464,True
60,0.45608852906208797,1.9367155833579113,2.4745704176859626,ADAPTIVE,NA,0.6590599287524298,1.0671740613029037,"[1.564605943075913, 0.3261237517342108]",-0.49362680458864516,0.2397448398584402,-13.109270305189876,True
14,0.40138514557035876,1.5176156365970004,2.4927861517663565,ADAPTIVE,NA,0.5105677855166113,1.017785171460434,"[1.4598708058788852, 0.4316337261969327]",-0.41743023436863086,0.11987052429237777,-13.108495467924183,True
33,0.4081253346922993,1.5343275396567797,2.4334313254123345,ADAPTIVE,NA,0.5056519948940859,1.9541976077528882,"[1.3989598406488406, 0.4095873573918343]",-0.43564501981290144,0.17700373577133977,-13.191452801959326,True
